,years_exp
2103,1
6250,0
4116,2
6177,0
5870,0
4297,2
1347,6
5381,1
1023,8
5300,1
608,9
3925,3
3396,3
3956,0
6343,0
3199,3
1850,1
6487,0
2355,4
257,7
2817,0
1952,5
3210,3
4148,2
5781,1
4888,0
1746,1
3124,0
2041,2
2286,1
4211,2
WAS,
1294,4
2050,5
256,14
1216,7
3126,0
1154,4
4981,1
4440,2
4614,2
2782,0
4237,2
3573,3
1191,7
1399,6
1080,7
3756,3
2874,1
2383,4
6374,0
2025,5
6160,0
1707,3
3114,0
199,14
2333,4
929,8
4218,2
2446,4
6333,0
2653,4
1369,6
5527,1
4720,2
2288,1
909,8
4712,0
6527,0
4282,2
789,4
3443,1
3364,3
4861,2
5076,1
6631,0
3046,4
6667,0
4522,2
1196,7
6031,0
1583,6
533,9
2657,1
2358,4
1450,3
6526,0
3999,0
2316,4
3789,0
1275,7
3260,3
3248,3
516,9
4244,2
5682,1
3654,3
4376,2
3871,0
3605,3
3891,3
5312,1
5990,0
4097,2
916,8
1572,6
4072,2
5598,0
577,5
3097,0
2788,1
6254,0
751,10
5661,1
484,10
2889,0
4404,2
4423,2
2448,4
4860,2
2688,4
2727,0
4089,2
1168,7
ARI,
4574,2
5255,1
4373,2
3405,3
6068,0
6572,0
6279,0
3253,3
4001,2
2856,1
2634,4
670,12
2907,1
111,13
1461,6
6446,0
3349,2
3904,0
5701,1
2145,1
3404,3
2071,5
5469,1
2656,1
2370,4
2239,1
175,11
1666,6
5671,1
5602,1
4036,2
2156,5
6618,0
6271,0
408,11
1768,1
311,9
2313,4
2560,4
61,9
6050,0
2752,0
2392,4
2711,4
2454,4
5208,0
753,7
6311,0
1860,5
3187,3
2899,1
3212,3
837,8
5163,1
695,12
1285,4
5609,1
2266,5
4179,2
2884,1
6564,0
2702,1
3626,0
6349,0
4014,0
304,11
5804,1
4631,2
2119,0
5864,0
3655,1
4606,2
5546,1
6627,0
1856,5
3877,0
58,12
3130,0
590,6
320,12
754,9
4735,2
4761,2
5756,1
923,8
945,3
830,8
6581,0
5384,1
1015,4
2075,5
1985,2
4375,2
769,7
1385,1
1440,4
1155,3
1791,5
5478,1
1754,6
2567,0
936,8
2806,4
2982,4
6089,0
4599,2
4009,0
6188,0
5644,0
1406,1
5081,1
562,6
5674,1
3708,1
3116,0
6098,0
3852,3
5684,1
5725,1
986,8
5960,0
2686,4
1339,6
1993,5
3875,3
2405,4
954,8
1020,8
3268,3
2601,1
5638,1
4523,2
145,6
4216,2
3315,3
1094,5
6602,0
940,8
1634,2
1813,4
5687,0
4126,2
472,10
3076,0
2872,0
1848,5
4012,0
1109,1
5663,1
6338,0
5295,1
5536,1
6269,0
4362,2
1654,3
5655,1
6703,0
3060,
5643,1
6091,0
3041,4
5649,1
5444,1
118,19
3234,3
2777,0
1092,7
2585,4
4846,2
1690,2
4666,2
5626,1
5901,0
1900,5
3602,0
362,10
1352,6
5909,0
4077,2
2080,5
1254,7
3795,3
5982,0
1554,6
2029,5
5533,1
5532,1
1550,6
5967,0
4867,0
49,14
4308,2
4458,0
6547,0
3563,3
5587,1
4704,2
2522,4
5507,1
4685,2
3335,3
6717,0
5308,1
217,10
1804,1
5037,1
10,13
2797,1
2303,1
6637,0
3673,3
4457,2
4455,2
5376,1
6111,0
2655,4
6510,0
6197,0
6289,0
3286,3
2537,4
1016,5
6328,0
5808,1
386,11
4918,2
6546,0
4330,2
659,10
2207,5
4204,2
5042,1
6034,0
5065,1
2299,1
1844,5
3365,1
137,8
1498,6
4425,2
6152,0
3836,3
3804,0
5158,1
3350,3
4262,2
6113,0
1350,3
6654,0
3946,3
5425,1
2142,1
5785,1
1615,2
6584,0
2792,4
3653,0
3055,4
2339,4
3173,0
3102,1
3949,0
5364,1
3570,0
3740,0
4890,1
784,9
6657,0
196,9
5183,1
4764,0
92,16
3787,0
1200,7
3461,3
5800,1
1597,3
2178,5
1967,1
143,7
5596,1
6203,0
4371,2
2498,4
4659,2
2011,5
2084,5
4502,2
4665,1
4504,2
380,10
1166,7
6651,0
3475,3
1792,1
1095,7
4439,2
2294,1
2088,5
1181,7
795,8
5648,0
37,12
2691,1
4343,2
6153,0
1121,5
1218,5
1137,2
5394,1
2762,0
1578,6
3984,3
5251,1
3716,3
4048,2
3470,3
262,12
3644,3
115,12
3860,0
1833,5
1404,6
3763,3
2323,4
1495,6
6443,0
1531,6
3960,0
4582,2
78,8
3686,0
4257,2
5452,1
1299,2
6550,0
1982,5
572,8
904,8
5448,1
6141,0
661,10
5888,0
4350,2
2582,0
761,8
6039,0
79,6
116,11
2232,5
93,11
5833,0
2361,4
3064,4
113,13
6065,0
4466,2
1249,2
5617,1
1782,7
4432,2
6139,0
1534,6
2410,4
1863,1
5778,1
4117,2
3749,3
1630,3
87,8
1649,3
1903,5
466,10
3741,1
222,8
5806,1
4930,1
2900,
3209,3
2535,4
4699,2
4821,2
928,8
4873,0
983,8
3105,0
6286,0
24,11
4849,2
225,14
1126,7
6537,0
4345,2
2561,0
2485,4
2185,5
4288,2
1115,7
1050,4
5624,1
2845,4
6674,0
138,15
3214,3
2191,5
5998,0
3777,3
2408,4
6093,0
6716,0
1981,5
672,4
2010,1
2913,0
1296,7
4575,2
4591,2
2438,4
3429,0
471,10
4008,0
4437,2
442,8
4462,2
1160,7
5297,1
5391,1
5716,1
6700,0
6176,0
4941,1
3427,3
734,9
4908,0
96,14
1507,6
2271,5
5715,1
5610,1
1964,5
5091,1
1686,6
2121,5
2354,4
4010,0
3411,0
6583,0
3557,3
4924,1
6726,0
3009,4
378,8
2135,5
6161,0
6722,0
2416,4
1238,7
2930,0
899,8
5389,1
5090,1
14,7
4139,2
6430,0
1411,6
4140,2
6734,0
1539,6
996,8
4690,2
4838,0
4405,2
4807,2
5981,0
901,8
4912,1
3506,3
5072,1
3337,3
1893,5
994,8
2608,1
4713,2
1923,5
2948,2
2578,0
148,9
381,8
1472,6
6655,0
3521,3
669,7
2385,4
250,10
2750,4
5429,1
2020,5
655,16
2306,4
3838,3
3023,4
3347,3
4738,2
5972,0
318,11
1363,2
2829,1
6255,0
617,9
3152,0
2066,5
6123,0
2000,5
1057,4
307,19
4781,2
4657,2
5113,1
4646,2
5045,1
3622,3
1680,4
4770,7
98,6
247,11
1243,7
5073,1
5880,0
6736,0
5467,1
3687,3
2372,4
6742,0
1360,6
3918,0
2638,1
1252,3
5423,1
2284,1
2541,4
1017,13
6595,0
3146,1
1069,5
2223,5
2193,2
3540,3
428,8
962,8
652,11
4834,2
5051,1
5125,1
1506,6
3659,3
2945,0
2311,4
2336,4
229,21
1885,5
3596,1
5068,1
991,8
4046,2
3846,3
1182,7
565,7
1950,5
6346,0
6401,0
2878,1
4101,2
708,9
416,13
265,15
6225,0
2826,4
6622,0
2107,5
5085,1
ATL,
5676,1
2255,5
3061,0
3618,0
1709,7
1219,7
240,12
3047,1
2472,4
3601,3
1929,5
5165,1
6129,0
210,11
4550,2
2584,1
5827,0
1320,1
5285,1
3003,4
1890,5
790,5
3132,0
2516,4
2774,1
5677,1
1248,7
5970,0
5224,1
2784,4
3095,0
3501,0
5742,1
2625,4
2839,4
75,11
5911,0
1370,1
3613,3
4399,2
3308,3
2526,4
2171,5
3743,3
1526,6
2932,
6007,0
2118,5
3458,3
4449,2
6542,0
2546,4
4645,2
5733,1
5299,1
5697,1
3235,3
2348,4
3632,0
2201,2
948,5
6205,0
2776,0
219,12
650,12
5511,1
6183,0
6063,0
6194,0
3104,
160,12
1515,1
1548,6
4164,2
5703,1
2961,4
354,10
3373,3
4198,2
3631,3
2423,4
2003,5
239,12
4429,2
4546,2
2345,4
6159,0
658,14
558,9
3948,0
1346,6
2724,4
5977,0
2767,0
4962,1
2018,2
624,8
711,11
838,8
4434,2
736,5
1821,5
TEN,
2554,4
6739,0
1838,5
2275,5
3395,3
4378,2
5347,1
6441,0
6701,0
5931,0
2106,5
3272,3
1066,7
6415,0
4622,2
3572,1
5281,0
3446,3
4214,2
5645,1
2706,1
3671,0
2538,0
1277,7
2254,5
5709,1
4229,2
4476,2
4188,2
4898,0
6134,0
71,10
2054,1
4156,2
6195,0
4242,2
4768,2
5837,0
4124,2
5797,1
6284,0
1939,5
6663,0
4658,2
5548,1
1026,4
3719,1
780,6
2282,5
4716,2
1048,7
1327,7
3122,0
3721,3
5277,1
4779,2
2508,1
1131,7
2341,4
5510,1
4530,2
4240,2
3598,3
4374,2
910,5
3814,3
635,9
3908,3
212,14
3828,3
5826,0
4909,0
1522,6
4291,2
1417,6
2742,2
2860,4
6238,0
370,12
4095,2
876,3
5062,1
2800,0
5471,1
4135,2
4638,2
5020,1
1575,6
3950,3
2880,4
5502,1
5730,1
2850,4
4027,0
1724,6
332,10
6353,0
5273,1
4823,2
1598,3
149,8
4731,2
1311,7
5980,0
5161,1
5107,1
480,10
2399,4
4342,2
5233,1
2950,2
5419,1
5187,1
6363,0
586,4
3639,3
5798,1
1171,7
5762,1
5748,1
1729,7
2006,5
1391,3
758,15
2733,0
3680,3
6318,0
6321,0
5268,1
5795,1
4433,2
1281,1
4787,2
6235,0
1001,5
1257,7
5881,0
3647,0
2212,5
4285,2
6588,0
4526,2
6554,0
2079,5
1986,5
2897,1
1338,6
5856,0
2074,5
5868,0
6460,0
834,5
3725,0
4234,2
176,11
1510,6
4581,2
6170,0
2974,0
5607,1
6662,0
3658,3
2247,5
3942,0
725,6
3058,0
6604,0
3422,3
5905,0
4141,2
3550,3
2152,5
4615,2
2996,0
407,10
1722,7
6483,0
980,8
4004,2
3153,
12,12
3182,3
309,11
2488,1
815,8
5014,1
5112,1
4959,1
5416,1
6454,0
2915,
2576,0
4125,2
5033,1
2832,1
3997,0
42,13
2720,4
4122,2
3207,3
3971,0
194,14
2338,4
3117,0
36,17
1702,6
775,11
5265,1
16,6
5965,0
800,8
3275,3
963,8
497,11
6313,0
4960,1
4286,2
2478,3
4,14
6247,0
5740,0
6316,0
2735,4
4368,2
2773,2
2661,1
4563,2
3549,0
5378,1
3968,0
6029,0
3995,0
5850,0
2295,2
2196,5
2464,2
5026,1
752,6
4663,2
6252,0
1479,6
3768,3
1541,6
6240,0
3660,3
1616,6
1291,7
3428,3
1704,4
4604,2
3345,3
4189,2
2362,4
3016,4
621,9
2663,0
4541,2
4636,2
1268,7
4573,2
2164,5
3919,0
384,8
2857,0
5070,1
4256,2
1602,3
6678,0
6573,0
966,5
444,10
5181,1
5652,1
3244,3
323,11
6409,0
5105,0
186,12
5490,0
106,8
1036,2
5375,1
1902,5
3331,3
778,4
3119,0
5127,1
3822,0
5167,1
4968,1
822,5
3452,0
6174,0
3937,1
4445,2
816,6
6744,2
3297,3
5764,1
1568,6
5487,1
3525,3
5386,1
3545,3
289,18
5413,1
322,16
5192,1
1483,4
3386,3
2698,1
5228,1
1979,5
513,6
2409,2
6165,0
5779,1
6539,0
3217,3
3780,3
3733,3
81,12
209,12
26,10
3776,3
3518,3
5689,1
242,13
5100,1
1834,5
1039,7
2545,4
5477,1
4858,0
4454,2
1421,6
5659,1
2621,4
5865,0
713,9
4539,2
4549,2
4041,0
5542,1
3584,3
1869,1
5206,1
1300,4
2920,0
2623,4
5628,1
391,10
2842,0
6426,0
4985,1
4049,2
271,13
3726,0
4459,2
3032,
151,7
2861,4
3049,2
2550,4
5780,1
3092,0
4584,2
5520,1
2708,4
3656,0
339,8
5247,1
3657,3
3508,3
2722,1
3108,4
3469,3
656,13
5289,1
2420,4
4708,2
5755,0
2133,5
254,12
3380,3
1081,5
280,12
360,10
2758,4
4627,2
2459,4
2298,1
2812,0
6145,0
2069,5
6671,0
1932,5
481,10
556,9
4680,2
3936,0
1315,4
546,9
2433,4
165,3
2203,3
3704,0
1185,7
3676,3
956,8
2970,1
171,8
1961,5
1502,6
1916,5
3074,4
3880,3
4901,0
2791,0
5075,1
4682,2
5569,1
820,5
3926,0
107,13
2081,1
6021,0
2678,0
4717,2
2641,0
968,5
5539,1
6411,0
1777,6
5172,1
772,10
6342,0
1817,5
2137,5
3913,0
1134,7
5504,1
2980,4
4856,0
3138,
3807,0
2903,0
893,8
2046,3
3036,4
5650,1
2530,1
1651,1
2566,2
1284,7
5016,1
282,12
6131,0
4896,0
2719,4
387,6
582,9
4824,0
3592,3
2962,0
2754,0
6101,0
5597,1
750,11
358,10
191,11
3661,1
2609,1
5962,0
6219,0
5463,1
1936,5
1700,6
1855,3
5121,1
2809,1
6729,0
2559,4
6516,0
LAR,
3710,3
3951,0
1978,5
5989,0
1571,3
2633,4
4329,0
5257,1
3242,3
5727,1
979,8
2051,5
5717,1
390,9
4133,2
5254,1
4323,2
2771,0
1309,3
200,13
4745,2
2455,4
266,11
6308,0
1588,3
2343,4
2627,4
4557,2
3266,3
4982,1
6708,0
5475,1
3685,3
1264,7
3143,0
843,8
794,8
2034,5
4159,2
4991,1
1056,7
4435,2
1446,3
3805,3
2562,4
3273,3
760,10
4160,2
4667,2
2002,5
3489,0
2654,1
4814,2
5015,1
5570,1
6180,0
976,8
6257,0
985,8
2161,5
3295,3
6719,0
3580,0
105,11
2024,5
6593,0
574,9
2810,4
1098,7
64,10
3751,0
4995,1
6497,0
5132,1
4021,0
866,8
626,9
5104,1
6496,0
4456,2
1058,7
4451,2
3642,3
4905,0
6266,0
973,8
4752,1
1897,1
4318,2
2840,0
4175,2
3344,3
2425,4
5203,0
2799,0
3366,3
2283,1
6334,0
2807,0
2189,5
1587,6
5328,1
4835,2
1644,2
3929,0
5889,0
5906,0
6234,0
1431,6
2690,4
2241,2
1047,7
4990,1
2125,1
744,9
5744,1
1997,5
2198,5
5839,0
1875,5
567,5
1063,7
2715,0
1086,7
4980,1
2941,
3169,0
4162,2
1205,7
3923,0
193,12
915,6
3517,3
6397,0
2332,4
1573,6
4197,2
5340,1
1337,6
5294,1
6348,0
4923,1
6144,0
2835,2
5173,1
251,9
630,6
6453,0
4987,1
3668,3
4616,2
860,3
PIT,
4145,2
1478,6
3340,3
5820,11
34,8
1800,5
1340,6
1071,7
1504,6
3227,3
3084,0
1107,7
4275,2
3437,0
6621,0
3520,0
77,12
4383,2
1211,7
4158,2
4871,0
3453,3
335,10
3438,3
3174,3
2548,4
3712,0
2714,4
4939,1
1685,3
919,8
1814,5
4050,2
5157,1
3963,0
5956,0
4975,1
1376,5
6082,0
3670,1
4650,2
1823,5
1322,3
5377,1
1143,7
1093,7
1669,1
5190,1
32,11
2012,1
646,15
4567,2
3250,3
5693,1
1656,6
3322,3
5027,1
1728,9
3597,3
238,9
3823,0
1683,6
3750,1
5329,1
1715,7
2131,5
3985,0
189,11
2435,4
543,7
1011,10
4338,2
3729,3
5466,1
4102,2
3730,3
4417,2
3167,3
3101,0
4544,2
1255,7
3093,0
3269,3
2028,5
4393,2
5021,1
4099,2
1945,5
908,8
3219,3
2452,4
5398,1
3688,3
4261,2
705,6
2952,1
2677,4
5641,1
221,12
1886,1
1520,3
4828,2
681,10
3806,0
3723,3
325,7
6461,0
4801,2
82,8
3735,3
745,12
3442,0
4531,2
4825,0
4272,2
5007,1
3483,0
3718,3
3378,3
4471,2
5069,1
6431,0
4795,0
1633,6
2374,4
1605,1
4396,2
3843,0
1230,7
4022,0
1330,3
829,8
5264,1
46,10
825,8
4628,2
1785,6
1747,6
6685,0
139,11
2781,1
6675,0
3257,3
4235,2
5436,1
1643,6
6417,0
5521,1
6732,0
6117,0
609,6
4165,2
5908,0
3363,3
4851,0
4267,2
3772,1
5885,0
2551,0
2645,4
6470,0
3223,3
155,12
951,8
1553,6
4056,2
4974,1
521,9
6433,0
1927,1
2440,0
5405,1
3816,3
926,4
1433,6
4194,2
2858,0
1750,7
3933,0
5198,1
4721,2
3797,3
510,9
6634,0
4540,2
595,9
6229,0
6692,0
6073,0
2580,4
5914,0
707,11
6051,0
1620,6
2734,0
8,11
882,5
4829,2
5115,1
1652,6
803,8
2192,5
5651,1
5303,1
2188,2
697,9
2340,4
228,13
2270,5
3279,3
3813,3
2605,0
1371,3
3263,3
6344,0
5092,1
1130,4
1067,7
4999,1
686,15
1345,6
5245,1
3692,3
5723,1
2664,2
3206,3
6217,0
340,5
3882,3
4870,0
1808,5
6641,0
3863,0
5431,1
1591,4
2235,1
2230,5
5261,1
1119,3
258,9
2581,0
3709,3
885,5
5512,1
361,10
3533,0
487,10
5,11
6576,0
3803,3
6540,0
422,10
4759,0
1789,5
564,7
3010,1
2644,1
579,9
1005,6
2593,4
6605,0
1915,1
3372,3
6442,0
5578,1
5665,1
1564,6
3645,3
278,7
6361,0
314,13
6228,0
4289,2
462,20
4956,1
828,8
1407,6
6060,0
4043,0
4306,0
1466,6
6697,0
1470,6
1769,7
4839,2
4878,1
2643,4
3849,0
2430,4
2019,3
6741,0
1561,6
3034,4
3664,3
1901,5
5873,0
4913,1
3330,3
5589,1
974,2
678,14
4298,1
5708,1
4325,2
411,10
2668,4
2482,4
2285,2
3296,3
260,11
3509,3
2078,5
6058,0
5439,1
4516,2
5658,1
5714,1
2757,0
6285,0
4855,0
4673,2
5362,1
3935,0
4167,2
5350,1
1096,4
4184,2
1087,4
2573,0
2833,4
6077,0
2109,5
879,8
2726,0
3812,0
1688,6
6168,0
3962,0
1184,7
649,13
170,11
249,11
5089,1
3794,0
2986,4
6711,0
2827,4
2954,1
121,7
5930,0
3762,3
213,8
6606,0
1454,3
2309,4
5370,1
1663,6
5216,0
3727,0
6354,0
2165,1
3,12
1049,7
1871,5
5009,1
4832,2
5992,0
2589,4
2033,5
19,11
5666,1
1830,5
5204,1
2647,0
4693,2
3746,0
4791,2
2697,4
5544,1
3499,0
2629,0
3202,3
2673,4
192,10
698,10
581,9
1566,1
2921,
1543,6
4568,2
1380,6
2699,4
5290,1
779,9
6494,0
4703,2
6419,0
2862,0
6210,0
1293,4
5729,4
6592,0
2513,4
1626,6
474,7
5117,1
5485,1
4547,2
6688,0
6182,0
1132,7
3486,3
6027,0
4643,2
4199,2
3431,0
5401,1
5692,1
5627,1
2924,1
3493,3
3559,3
3932,0
4649,2
3039,1
5554,0
6128,0
2670,4
3375,1
3068,0
2210,2
102,13
3599,3
4196,2
3140,0
1292,3
4322,2
6610,0
6555,0
1880,5
4073,2
2590,2
4914,1
4519,2
2519,4
3957,3
4452,2
2466,4
3700,0
5963,0
4112,2
5143,1
5074,1
4583,2
4142,2
5625,1
1757,1
1174,7
NE,
599,6
2544,4
5050,1
5455,1
1990,5
1577,6
90,13
3706,0
4493,2
5685,1
5809,1
451,9
3196,3
2120,0
2253,5
6414,0
4996,1
6552,0
3178,3
5947,0
1843,5
6052,0
4891,0
6138,0
1206,3
1021,3
1263,7
5774,1
4728,2
3304,3
4025,0
1150,7
2350,4
3280,3
4778,2
3619,3
9,13
1846,3
1106,4
702,9
3575,3
1009,6
5891,0
1960,5
989,8
4730,2
2725,0
5872,0
2386,4
4976,1
2967,4
1464,6
364,7
4294,2
4684,2
3156,3
4037,2
4815,2
5599,1
522,9
6664,0
1145,7
2804,4
2390,4
6518,0
2359,4
6725,0
2738,1
1695,6
1418,6
6124,0
103,11
2179,1
4062,2
4585,2
1930,5
1212,7
2130,5
204,9
129,8
4840,2
898,3
3555,3
6352,0
3059,0
162,8
4138,2
4961,10
2795,0
6122,0
3987,0
5274,1
1995,5
6347,0
4104,2
1451,6
3111,0
3641,0
4507,2
1438,5
601,6
5514,1
3867,3
933,3
606,9
1586,6
1158,7
2168,5
5516,1
6208,0
3992,0
6493,0
729,4
4675,2
1500,6
2671,4
5171,1
7,0
3915,0
1075,4
1631,6
3145,0
6650,0
1358,6
273,12
3543,3
1465,3
1000,9
1859,5
1604,6
2968,2
1188,7
2636,0
4499,1
859,8
2672,0
2389,4
4850,2
1387,6
5311,1
3879,0
6239,0
738,12
6120,0
3063,4
5146,1
CLE,
2939,0
4742,2
5368,1
1933,5
259,13
2821,4
4266,2
997,8
1302,8
717,9
1312,7
2816,4
4157,2
689,10
3773,3
3620,1
633,9
1574,6
491,11
6095,0
154,10
6047,0
1239,4
1877,5
615,6
1648,1
4301,2
3094,0
6520,0
3274,3
5230,1
4922,1
233,12
346,10
50,5
3490,3
2937,0
2268,5
3035,4
992,5
4361,2
2631,1
6557,0
2436,4
1179,7
5857,0
2815,4
958,5
5456,1
1737,7
5934,0
6624,0
2495,4
4868,0
2445,4
5427,1
5518,1
575,9
2240,5
677,13
4817,2
6242,0
3343,3
4105,2
993,8
4353,2
2252,5
3878,3
887,5
3298,3
345,10
2086,5
5219,1
583,9
3586,0
2716,1
4603,2
6059,0
3532,3
3705,3
2407,4
696,13
1477,6
5382,1
5639,1
508,9
2397,4
6477,0
613,9
6084,0
1732,2
4287,2
4827,2
5175,1
5801,1
5221,1
1434,6
3833,0
4892,1
4464,2
2852,0
5008,1
4562,2
6585,0
6036,0
3761,3
5996,0
1287,8
2246,1
5080,1
1187,2
2597,0
5111,1
4510,2
1286,5
841,8
3018,1
4154,2
3301,3
486,10
5446,1
6689,0
643,9
6466,0
3327,3
3714,3
5160,1
1366,6
4128,2
1215,7
1161,4
3302,3
6561,0
4852,0
2447,4
950,6
2233,5
3707,0
1953,1
5321,1
1719,2
2987,0
55,10
2736,4
1523,6
1622,6
1627,0
4857,0
1232,7
13,13
848,6
398,7
2870,0
1835,5
3195,3
5653,0
2468,4
941,5
1529,6
4911,1
2818,5
1097,7
5358,1
1051,5
6214,0
5323,1
2094,5
2955,0
4803,2
520,9
3148,3
438,8
299,11
3057,4
4542,2
3513,3
1489,6
3022,4
3451,3
3672,0
1542,6
1786,1
3164,3
870,6
3232,3
5170,1
2497,4
1873,5
1771,1
2642,3
5988,0
5223,1
501,8
4475,2
3149,3
5048,1
3890,0
531,9
2194,5
6478,0
4681,2
727,6
94,13
1790,2
44,13
5139,1
1713,6
2988,4
2632,0
485,14
3587,3
2911,0
3334,3
2595,4
4632,2
6193,0
2973,0
3367,3
3531,0
1837,5
1455,6
4063,2
4565,2
5734,1
1395,6
6260,0
755,13
849,3
3246,3
2853,4
6639,0
2462,4
2265,5
5243,1
2108,5
1797,5
4024,0
3856,0
2415,4
6067,0
3484,3
5435,1
5325,1
1313,3
1775,3
2052,1
947,8
334,10
4884,0
666,8
1975,5
351,10
203,9
3425,1
1484,5
4163,2
692,13
6429,0
3096,0
5618,1
2753,4
73,13
2368,4
5574,1
3384,3
3624,0
5235,1
6705,0
2211,0
4505,2
6104,0
5211,1
0,9
4637,2
2553,4
1077,7
2527,4
2929,
3827,3
3278,3
235,16
4802,2
3547,3
4255,2
3201,3
120,23
4221,2
2312,4
2257,5
SEA,
4120,2
3737,0
2918,
3744,0
6288,0
5664,1
6366,0
5052,1
5565,1
6737,0
1679,6
4527,2
2984,0
664,12
2603,4
2854,0
747,6
1381,6
673,10
3695,3
1344,6
419,10
300,11
3193,3
957,8
1677,1
977,5
4937,1
2296,1
858,8
6713,0
3781,3
4578,2
3921,3
2250,5
2289,2
3831,3
2324,4
6727,0
5031,1
4931,1
449,9
216,9
2153,1
4877,1
5041,1
4927,1
5040,1
3562,3
4241,2
3027,
2404,4
2875,0
4225,2
6061,0
3390,3
6383,0
4755,0
2798,4
385,10
537,9
372,7
1341,2
3040,4
5166,1
5566,1
623,9
2564,1
HOU,
2500,4
3952,0
4031,2
2393,4
5668,1
4859,2
5923,0
1899,1
4881,1
467,0
1511,6
52,8
4757,0
5802,1
4055,2
2841,0
2460,4
1357,6
6009,0
181,12
6710,0
5249,1
2865,4
6244,0
5000,1
6078,0
6405,0
2864,1
2064,5
4754,0
5049,1
6666,0
1740,8
1584,6
2053,5
1325,2
4626,2
74,15
3170,3
410,6
6209,0
4788,1
4465,2
5302,1
737,4
343,10
2646,1
2501,4
4998,1
636,9
1487,3
792,4
2067,5
3798,0
1088,7
6350,0
2379,4
3755,3
3853,3
3113,0
1989,3
433,7
2463,4
1518,6
3110,0
1505,1
4281,2
1062,4
4700,2
3576,3
2801,4
399,7
3127,0
3851,3
1938,2
1460,6
4580,2
6179,0
6632,0
785,6
6221,0
6630,0
4340,2
2242,5
2746,0
2927,
642,9
4794,
1420,6
3070,0
1935,5
2043,5
1892,5
4414,2
5396,0
6638,0
2195,2
676,10
3115,0
6432,0
6248,0
2449,4
5958,0
6108,0
3436,3
3966,0
1359,6
173,2
5761,1
3758,3
1141,7
2675,0
5975,0
3423,3
3354,3
359,10
5805,1
547,6
5719,1
5182,1
1947,5
3283,3
4115,2
3450,0
4635,2
2134,5
782,6
4016,0
2805,1
4201,2
3889,3
6579,0
68,7
1854,5
5721,1
3897,0
5528,1
1827,1
1585,6
6150,0
5567,1
852,5
6423,0
2458,2
4872,0
3368,3
6042,0
6337,0
4232,2
6681,0
198,13
6743,0
1684,6
4895,1
5560,1
4438,2
479,4
913,8
1525,6
2344,4
1582,6
5904,0
2039,5
5162,1
3075,0
5095,1
4842,2
665,5
2667,4
3873,0
1965,5
4392,2
6178,0
3649,0
1321,3
392,0
3159,3
291,6
4748,0
5984,0
3648,3
4030,2
2297,3
3408,3
5952,0
3162,3
6294,0
3701,3
1874,5
5890,0
3627,1
773,4
5144,1
5003,1
701,9
6305,0
3071,0
5637,1
1042,7
4174,2
1811,5
3037,4
3868,3
6303,0
3617,0
4110,2
5409,1
6105,0
5910,0
4820,2
943,8
3785,3
2764,0
2476,4
6665,0
6022,0
5953,0
1922,5
1595,1
1103,7
6586,0
2243,5
3090,
3476,3
6625,0
6587,0
896,8
4762,0
600,9
854,8
89,11
6189,0
57,15
4498,2
1308,7
1405,6
4151,2
905,8
5118,1
3454,0
3902,2
1197,7
3739,3
3043,4
2278,5
6691,0
4864,2
801,8
310,11
2713,0
461,18
2045,1
6262,0
1108,11
802,4
5902,0
1475,6
2,11
316,10
4107,2
6079,0
5349,1
6528,0
453,10
1536,6
3600,3
5038,1
2692,1
888,8
6612,0
4208,2
2147,5
1503,2
2040,5
1803,5
2172,5
4661,2
1306,8
6216,0
4082,2
426,7
2712,1
4418,2
883,8
1872,5
6486,0
6653,0
6157,0
1159,7
5400,1
3471,3
6080,0
5994,0
5766,1
3765,3
4215,2
163,2
4147,2
5608,1
2869,5
2964,4
5342,1
5005,1
1831,5
1509,6
1428,6
2620,1
2579,4
3990,2
4387,2
622,9
5443,1
2238,5
6645,0
6698,0
3528,3
4813,2
1959,5
3539,0
157,7
2328,4
2427,4
4799,2
1703,7
5572,1
1457,6
3635,0
6609,0
918,8
6369,0
179,13
5915,0
430,8
5310,1
3226,3
5787,1
5838,0
2208,5
2730,0
1163,5
2059,1
2517,4
45,9
6436,0
1055,7
2402,4
3753,0
2308,4
5178,1
4607,2
4733,2
2637,1
5894,0
890,8
2703,0
6356,0
6019,0
6549,0
1052,7
2315,4
3556,0
5849,0
274,10
1430,6
3241,3
142,16
6246,0
5367,1
4344,2
4711,2
2428,4
1937,5
6306,0
1135,4
4299,2
1941,1
1486,6
4017,2
2322,4
1607,2
4524,2
3158,0
3565,3
6404,0
1841,1
2491,4
3887,0
5854,0
5704,0
5936,0
865,8
6125,0
3251,3
6718,5
5371,1
3222,3
2187,5
11,7
432,6
352,6
925,8
4177,2
6644,0
6114,0
5711,1
1396,3
2484,2
6175,0
2542,4
3629,3
4277,2
6580,0
5109,0
519,5
421,10
5718,1
4511,2
5640,1
1079,7
6607,0
5698,0
5917,0
881,5
4002,0
2583,4
1589,6
1164,7
539,7
1839,1
218,11
3120,0
2778,4
5280,1
5468,1
637,7
6003,0
5743,1
5411,1
2092,2
1401,6
3056,0
4407,2
5938,0
871,8
2947,
4830,2
3500,3
4066,2
4469,2
40,11
826,8
2895,1
5535,1
4879,2
5593,0
2181,5
4486,2
4348,2
6026,0
1810,1
3190,3
4512,2
4279,2
5314,1
5057,1
3479,3
4090,2
1999,5
5503,1
5830,0
6476,0
2652,1
5765,1
3290,3
6640,0
1382,6
1516,6
3342,3
5156,1
3976,2
2592,4
5604,1
732,9
243,7
348,6
3837,3
742,10
1207,3
4865,2
632,9
6566,0
1043,7
5876,0
3560,3
2949,
4238,2
4246,2
2717,1
2318,4
1090,7
6740,0
5605,1
1778,2
3183,3
1348,6
1898,5
2890,2
4537,2
4964,1
6695,0
2363,4
2085,2
3844,0
3529,1
3577,0
3588,0
2565,0
831,8
1379,6
400,6
4845,2
5200,1
3607,3
5771,1
1118,7
1528,6
1629,6
1614,6
6040,0
3109,
470,10
3769,0
4080,2
1655,6
3400,3
4620,2
1127,7
3430,3
823,8
3872,0
3821,0
5595,1
971,6
255,8
4355,2
4296,2
4051,2
3194,3
3636,0
4916,1
5922,0
2143,5
4514,2
3788,3
3941,3
4528,2
4800,0
5359,1
4952,0
5525,1
1836,5
5614,1
5993,0
6204,0
788,8
4249,2
5897,0
1336,2
4448,1
423,7
2377,4
6072,0
3399,3
4130,2
3961,0
1228,5
5810,0
2598,4
1393,6
3494,0
5794,1
1183,7
4805,2
4161,2
5148,1
2958,1
499,11
886,8
2014,5
4772,2
5726,1
4494,2
1887,5
4424,2
675,11
475,8
6628,0
5004,1
5345,1
4416,2
3137,
4780,2
4386,2
2090,1
15,8
6410,0
1413,6
5002,1
382,8
5706,0
4079,2
6570,0
4263,2
1801,1
4647,2
4178,2
6582,0
3859,3
2371,4
4247,2
277,8
4020,0
3912,3
2091,5
3026,
1316,2
3192,3
4966,1
6085,0
528,9
29,11
2366,4
5505,1
4689,2
6648,0
2759,0
6462,0
365,10
17,13
4384,2
3492,3
85,11
2570,0
2883,0
3927,0
5606,1
5834,0
5102,1
2674,0
2834,1
6652,0
5036,1
482,8
5319,1
625,9
3459,0
3848,0
4203,2
6704,0
2480,1
6241,0
3080,0
4083,2
100,18
690,9
4702,2
3317,3
3886,3
2432,4
3213,3
6035,0
6001,0
570,6
4536,2
568,9
3220,3
684,17
3665,0
5155,1
4085,2
5848,0
2936,
1706,6
6745,0
4671,2
5447,1
2184,5
2848,1
3732,3
6569,0
3287,3
3224,3
3324,3
4304,2
4595,2
774,9
3306,3
524,7
2319,4
3160,3
3358,3
6351,0
1415,6
272,11
3300,3
5919,0
3720,3
1027,7
741,11
6301,0
4676,2
5150,0
6399,0
1748,8
6083,0
6750,0
6661,0
5390,1
6156,0
895,8
783,9
3953,0
2327,4
2886,0
5821,0
2933,
2037,5
4900,0
2543,4
1469,6
5750,1
1948,5
3527,3
6004,0
4283,2
912,8
6192,0
5517,1
434,8
2027,5
5214,1
1676,2
4955,0
4300,2
6594,0
2035,1
2619,4
4254,2
5966,0
2215,5
4356,2
2469,4
1441,6
263,14
4202,2
1351,4
1422,1
1770,6
2136,4
63,9
3582,3
5515,0
3131,0
2173,1
1271,15
1432,1
3447,3
2395,4
1969,5
939,8
6720,0
6074,0
231,9
603,9
2477,4
5752,1
6747,0
3884,0
2740,0
1639,6
25,9
1468,3
4206,2
2490,4
253,10
5553,1
1324,1
4515,2
4149,2
4444,2
5271,1
3906,0
1508,3
593,6
OAK,
645,12
1796,5
806,4
2220,5
6535,0
1818,5
3566,0
3000,4
5696,1
126,11
3747,3
39,10
379,6
2441,4
911,8
227,8
5496,1
1245,7
5064,1
511,7
2022,5
5859,0
2825,1
5283,1
6418,0
3978,3
6087,0
6677,0
6643,0
5799,1
2227,5
6714,0
4394,2
3694,0
5920,0
5237,1
771,5
4185,2
3389,3
6749,0
5357,0
3165,0
4035,2
4422,2
6064,0
6264,0
65,8
3530,3
28,8
6563,0
1445,5
2249,5
1699,4
545,9
6427,0
1879,5
3351,3
2820,0
1323,7
5620,1
3667,3
1491,2
580,9
1653,6
6521,0
891,5
1931,5
4769,0
450,9
1908,1
4354,2
4534,2
5887,0
6463,0
4144,2
3498,3
1660,6
4988,1
3682,0
5059,1
6498,0
4230,2
4882,0
6532,0
4812,2
5276,1
5218,1
4686,0
3820,1
4092,2
1878,1
1742,7
2157,5
3012,0
3256,3
863,8
6669,0
1692,2
1270,7
2352,4
5101,1
4219,2
4075,2
1361,2
3663,1
2087,1
3900,0
4315,2
5366,1
5426,1
5495,1
3504,3
3118,3
3512,3
1618,1
3466,3
607,9
3434,0
2026,5
5058,1
405,5
4409,2
6339,0
2626,0
4874,1
2256,3
1957,5
3703,3
3052,0
2556,4
5710,1
5030,1
3998,0
1173,4
4284,2
1190,7
3141,
981,8
4129,2
5194,1
2005,5
184,12
3072,4
3850,0
5284,1
5259,1
5832,0
878,8
1283,7
620,4
2617,4
3616,3
3507,3
3441,3
4869,0
440,5
1606,6
1116,7
5874,0
4688,2
2349,4
54,11
3683,3
LAC,
3829,3
5768,1
4570,2
847,8
355,7
1237,1
6490,0
1984,5
5789,1
4687,2
1372,6
4726,2
5853,0
2141,5
781,9
2931,4
1193,7
2518,4
417,6
1862,2
2908,1
1029,7
144,7
3666,0
4808,2
3930,1
1917,1
6116,0
4783,2
4470,2
5501,1
2206,0
3945,0
2867,1
6307,0
6670,0
5424,1
4972,1
3944,0
6379,0
1943,0
4973,1
1471,6
4935,1
544,9
6668,0
4485,2
5450,1
6360,0
2387,4
5937,0
2944,4
BAL,
3477,3
6368,0
892,8
2424,4
4260,2
3569,0
3393,3
3519,3
4312,2
5383,1
3133,
2100,3
4086,2
4957,1
6635,0
489,7
536,9
4551,2
4233,2
1698,3
2613,4
5818,0
1956,5
2555,4
2574,0
3973,2
1290,7
4250,2
6025,0
1364,6
2552,0
166,11
1384,6
2547,4
59,12
1394,6
827,8
2260,5
463,10
6499,0
4701,2
4123,2
1759,7
1488,6
1247,7
2943,0
1826,5
4328,2
1974,5
3858,0
5212,1
5866,0
4571,2
5288,1
2846,0
4278,2
1427,2
6096,0
629,9
1167,3
6069,0
2509,2
4155,2
6181,0
6616,0
4734,2
1563,6
1317,2
4067,2
420,0
6544,0
5831,0
6388,0
4468,2
1064,7
1910,5
2413,4
5293,1
5123,1
3289,3
2983,4
982,6
2237,5
1955,3
1579,4
2007,1
2528,4
2600,0
3702,3
1767,2
2505,4
3245,3
211,13
67,11
3218,3
80,12
393,11
6119,0
1565,6
246,14
2222,5
5066,1
3025,
490,10
2824,4
503,10
368,10
500,9
5724,1
5363,1
5741,1
3784,3
5547,1
1544,4
1390,6
5012,1
429,10
122,13
1888,1
5722,1
4473,0
5032,1
2138,5
3176,3
5616,1
297,11
5453,1
4509,2
1059,7
1966,1
5248,1
2112,5
1988,5
4707,2
1436,1
1329,8
5688,1
1853,5
4007,0
2695,4
4003,0
4639,2
4182,2
6215,0
5629,1
4886,1
6543,0
663,15
970,3
6259,0
4403,2
18,9
6519,0
6126,0
4213,2
6261,0
4290,0
5847,0
6730,0
4749,2
5929,0
6398,0
4018,2
2838,0
5210,1
4069,2
525,9
2662,0
5736,1
3778,3
5955,0
1025,7
739,6
27,8
3782,0
2823,4
109,3
3697,0
1332,6
4612,2
5603,1
4970,1
653,10
5191,1
4152,2
35,8
3757,0
1705,1
3463,3
403,8
1738,2
804,4
6683,0
691,14
6038,0
3087,0
864,2
2935,
715,7
3791,0
5757,1
1896,1
3865,0
1217,3
478,10
634,9
4335,2
3216,3
3817,3
371,10
3910,0
2700,1
5130,1
4844,2
4251,2
1538,6
6187,0
493,10
1389,6
5189,1
5001,1
4586,2
5526,1
5585,2
3905,0
409,11
1223,7
4710,2
3135,0
4091,2
2160,5
1024,4
6336,0
135,13
302,11
2876,1
1727,1
5006,1
6500,0
1214,7
3590,3
1426,6
PHI,
1758,1
821,8
4054,2
6135,0
3473,3
4441,2
3939,0
1220,7
4946,0
6020,0
4750,2
268,14
1926,3
5260,1
932,5
3589,3
6324,0
5813,0
2916,0
4600,2
1331,3
1753,1
1175,7
2369,4
2062,5
1459,6
1133,2
1743,7
6694,0
4258,2
5408,1
5773,1
5946,0
3318,3
667,10
2881,1
748,9
5951,0
156,12
1682,1
4044,0
4351,2
4136,2
3542,0
561,6
6373,0
4274,2
5201,1
3581,3
5713,1
3907,0
5538,1
188,15
2317,4
4897,0
3609,0
6017,0
5633,1
2705,0
3439,3
3610,3
873,6
1994,5
2001,5
1388,6
3551,0
2426,4
3445,3
2676,4
6467,0
4786,2
5229,1
303,11
6524,0
6146,0
4925,1
2977,1
3615,0
5372,1
2148,5
5126,1
4747,2
5202,1
3398,3
5082,1
5619,1
3736,3
3415,3
805,5
2245,5
3282,3
1203,7
2159,1
JAX,
6320,0
1104,7
5879,0
2780,1
3062,0
3077,0
2072,1
5896,0
2990,5
3030,
1689,6
2785,1
2060,1
1675,6
3911,0
3091,0
6721,0
5238,1
5601,1
3711,0
1368,6
1169,7
3460,3
647,14
1233,7
2113,5
6659,0
3276,3
2493,4
6327,0
4019,0
6440,0
130,12
585,9
4243,2
83,11
4518,2
5942,0
5571,0
2218,1
1613,6
5458,1
1865,5
3258,3
4223,2
69,14
3267,3
6066,0
5063,1
2124,1
5213,1
1858,5
5927,0
344,10
5480,1
1374,6
694,7
4347,0
3082,0
287,9
5656,1
5481,1
6601,0
6075,0
2465,4
4341,2
1192,7
2351,4
588,7
5449,1
5486,0
4395,2
5576,1
2957,0
6646,0
4538,2
5807,1
2489,2
1031,7
592,3
5867,0
6751,0
3881,3
1227,7
5916,0
1125,7
418,6
2214,5
1241,4
1751,1
1840,5
1580,6
1895,5
740,15
2127,3
3678,3
1918,5
308,5
5432,1
3567,0
5025,1
5119,1
2274,3
3281,3
3786,3
GB,
4836,
3771,0
5476,1
6112,0
2926,
6118,0
5600,1
1002,2
4774,2
1044,7
1735,6
4826,2
5580,1
5986,0
1258,7
4369,2
861,5
2047,5
2128,5
5882,0
6748,0
5286,1
3053,1
3240,3
5871,0
3168,3
5352,0
5174,1
6329,0
1608,6
6314,0
4793,2
5079,1
1041,7
4500,2
2828,0
960,4
5137,1
6382,0
514,6
3370,3
1194,7
1825,5
988,8
3983,0
5309,1
5900,0
3362,3
5863,0
5647,1
5305,1
1991,5
4875,0
527,9
337,8
6033,0
1492,6
640,6
1954,3
937,8
3066,
4280,2
208,17
523,4
4696,2
110,13
5313,1
4093,2
4271,2
6322,0
3382,3
4336,2
818,8
6596,0
3766,3
5246,1
5884,0
3381,3
1519,6
1256,3
2901,
6425,0
3005,4
2457,4
1199,2
1716,7
5108,1
4382,2
4461,2
1424,3
2411,4
23,16
4479,1
1636,6
2357,4
261,10
1114,7
4653,2
159,17
1912,5
1176,3
5258,0
172,13
2919,1
6207,0
4132,2
5728,1
446,7
NYG,
5793,1
286,12
5434,1
4172,2
3578,0
454,5
4143,2
6590,0
2492,4
3421,3
1038,7
1882,5
477,16
136,10
3044,4
1053,7
2748,1
5087,1
2909,0
4529,2
3467,3
5631,1
3980,2
2618,0
1022,9
3309,3
6230,0
3662,3
6534,0
3815,3
5267,1
2533,4
1392,6
5433,1
2893,0
796,8
5630,1
610,9
2453,4
6196,0
4166,2
5472,1
5149,1
6258,0
4989,1
2101,1
4193,2
5883,0
1493,1
872,4
1951,5
1386,6
1667,6
1517,6
5412,1
1490,6
4532,2
807,5
6394,0
1530,6
3895,3
2729,4
4790,2
4796,0
3988,0
99,12
5464,1
3885,0
1712,2
5995,0
1780,4
3669,3
3419,0
6506,0
2997,0
1907,5
1298,9
288,16
2030,3
1140,5
1708,7
5241,1
762,7
1496,6
5142,1
1149,7
4597,2
5138,1
712,6
2772,1
6198,0
3651,0
6406,0
330,14
4555,0
IND,
2434,4
1673,2
842,8
2775,1
3403,3
814,8
975,1
4660,2
373,10
5746,1
4630,2
809,3
329,14
4088,2
2511,4
3579,0
3698,0
2770,0
1944,5
4919,1
3862,0
3934,3
6331,0
5841,0
6315,0
5843,0
1054,4
3742,3
5473,1
2044,0
920,3
5457,1
5675,0
5846,0
5754,1
6055,0
2422,4
2199,5
4644,2
1928,3
2175,5
4058,2
5622,1
88,13
2224,5
125,11
3536,0
2391,4
990,5
357,3
4406,1
1772,1
6023,0
1229,7
4467,2
1303,9
6567,0
6560,0
3293,3
2744,0
296,16
5513,1
5018,1
6088,0
3262,3
4887,0
4268,2
1545,6
3752,3
3326,3
1225,4
5498,0
1590,6
5316,1
6132,0
6686,0
6551,0
897,8
4910,1
3243,3
4453,2
2946,1
3869,0
687,6
2761,4
2444,4
6676,0
6723,0
4324,2
6332,0
5690,0
6435,0
6045,0
6684,0
5116,1
4316,2
6449,0
5524,0
3435,3
3546,3
3007,1
612,9
5731,1
2887,4
6106,0
924,8
3969,2
5842,0
6495,0
3455,0
2437,4
526,9
4472,2
2802,0
1623,6
4932,1
2822,4
3230,3
6357,0
5500,0
1832,5
6525,0
2105,5
NYJ,
5940,0
1678,6
6735,0
2696,4
3465,3
1779,6
894,8
6459,0
2305,7
5459,0
6267,0
2694,4
84,11
2326,4
5180,1
3604,3
1668,6
6291,0
4150,2
1794,5
4168,2
147,11
1781,7
2707,4
6317,0
2036,5
5034,1
132,11
1828,5
5840,0
555,10
3595,3
3186,3
1513,6
4691,2
4181,2
4798,2
1343,6
2226,5
152,9
CIN,
3994,0
776,11
2335,4
839,5
5110,1
5763,1
2140,5
4763,0
2116,2
6249,0
5232,0
281,11
3198,3
3320,3
97,11
787,8
2486,4
4390,2
1645,4
3021,
3892,0
2263,2
375,10
3975,0
2400,4
685,10
4360,2
4477,2
2342,4
3689,0
3502,3
6395,0
6724,0
1812,1
5484,1
3288,3
2709,2
518,9
2375,4
1681,6
4958,6
3845,0
1741,2
5354,0
1437,4
6151,0
3954,3
5262,1
5961,0
5185,1
3211,3
5292,1
4942,1
3271,3
6623,0
1524,2
5337,1
706,8
6484,0
264,10
2877,1
3387,3
3646,2
2334,4
3526,3
902,8
4894,0
3611,0
5825,1
3841,3
5056,1
5732,1
1148,7
2953,4
1253,7
3011,1
4034,2
5351,1
2917,1
3614,3
2228,5
3307,3
942,3
1555,6
5088,1
4601,2
5348,1
4011,0
5545,1
1756,6
6297,0
2994,1
5195,1
3799,0
4535,2
1501,3
5169,1
4071,2
5215,1
1028,7
718,9
3474,3
1375,2
6492,0
6420,0
3197,3
3356,3
2163,5
856,8
5124,1
1646,6
2789,4
2808,4
4729,2
4576,2
3874,0
560,9
6062,0
5392,1
1761,2
3203,3
1120,7
2122,5
1765,6
180,11
2763,0
6053,0
4413,2
2248,1
5445,1
4190,2
4609,2
4119,2
4533,2
2200,0
5924,0
5836,0
4006,0
1289,4
MIA,
3004,1
2960,0
3826,0
2847,1
4634,2
5196,1
6575,0
2766,0
4039,2
6633,0
5893,0
4333,2
6231,0
4061,2
1177,7
2473,4
2594,2
746,3
2314,4
4642,2
3677,0
1447,6
1628,3
1074,7
3383,3
6589,0
4171,2
4722,2
6707,0
214,12
3808,3
3480,0
3221,3
2126,5
3433,3
1806,5
1745,8
1462,3
2042,5
2991,4
5586,1
4489,2
1976,2
1412,6
131,11
2132,5
6690,0
5769,1
2065,1
515,9
5491,1
2843,4
868,8
72,11
5531,1
3410,0
2610,0
4743,2
183,9
2177,1
2279,5
5541,1
2885,4
1485,6
4594,2
114,11
5700,1
3238,3
6658,0
3171,3
3809,0
5492,1
293,9
5327,1
5672,0
1693,6
3284,3
133,10
1153,3
4577,2
284,13
248,15
2904,1
616,9
4026,2
3377,3
3385,3
4552,2
4339,2
6253,0
1784,1
5562,1
6475,0
3185,3
4822,2
3552,3
5307,1
6048,0
2417,4
31,13
5803,1
4217,2
4596,2
4560,2
6400,0
1603,6
5122,1
1788,5
5673,1
294,21
4765,2
1949,5
1122,7
4965,1
2251,5
3412,0
699,8
4209,2
5829,0
3184,3
2129,1
6465,0
799,8
374,14
5720,1
5418,1
2898,0
5969,0
4187,2
4525,2
657,14
1353,6
2076,1
6529,0
2693,4
4963,1
2679,4
CAR,
4593,2
851,5
6687,0
4412,2
1180,3
2244,5
1569,3
1913,5
6391,0
1065,7
4013,0
1035,7
3374,3
4411,2
3835,3
6171,0
2745,2
6030,0
3048,5
4672,2
1773,7
5858,0
2515,4
5188,1
597,9
2320,4
3001,0
6384,0
2021,3
3634,3
1866,5
5256,1
483,10
3800,0
6167,0
5047,1
3254,3
5796,1
2639,0
880,4
6300,0
1178,4
6097,0
777,10
1763,1
2751,4
900,2
4654,2
178,15
5441,1
2651,0
5046,1
5949,0
1799,1
6508,0
1547,6
2859,4
5705,1
3103,0
435,6
6367,0
1497,3
2888,0
3155,3
4070,2
1335,6
4259,2
935,4
496,7
2534,4
1144,7
2728,4
867,8
2640,4
4559,2
2914,0
3225,3
4904,0
4994,1
1940,5
3432,3
6538,0
4346,2
3523,3
4415,2
1040,7
4776,2
4697,2
4111,2
4146,2
549,6
2096,5
6127,0
1567,6
2117,2
4321,2
907,5
3693,0
4940,1
5976,0
5944,0
2942,1
2989,4
2494,1
5236,1
202,13
1138,7
6565,0
4474,2
3553,3
425,10
3478,3
306,13
406,10
338,10
2262,5
2097,1
3534,3
2743,1
1128,7
3538,3
342,14
2607,0
3413,0
853,3
6578,0
2209,1
1637,6
3792,1
4862,0
3247,3
1733,3
3338,3
2301,2
494,9
5334,1
1473,2
722,7
4327,2
313,10
914,6
2756,0
6421,0
2769,4
1061,7
6000,0
4652,2
2577,0
237,9
5086,1
5315,1
4349,2
4047,2
1222,7
4949,1
836,8
1540,6
6473,0
5932,0
4698,2
1236,7
2330,4
1672,6
641,9
43,9
1612,6
2871,4
1282,7
6562,0
5022,1
2023,5
195,8
6451,0
1307,3
6452,0
3491,3
1403,4
2660,4
5417,1
3456,3
5266,1
5611,1
817,8
6548,0
6438,0
5044,1
4023,0
4951,1
6281,0
5227,1
648,13
128,14
1749,3
2347,4
5301,1
185,16
4543,2
2381,4
6149,0
2287,5
5067,1
6439,0
6,12
5925,0
5749,1
1266,7
3876,0
1123,7
5997,0
3139,0
4592,2
1318,7
4907,0
5815,1
2732,4
2978,0
41,10
1641,6
464,10
4899,3
169,18
5024,1
1551,7
6513,0
3593,0
4572,2
2525,4
6100,0
5336,1
4400,2
1073,3
2186,2
1288,8
4426,2
4605,2
1795,5
5454,1
5816,0
1151,7
5103,1
4319,2
5860,0
594,9
6008,0
6010,0
1718,7
767,10
2596,4
4398,2
5912,0
3801,0
4758,0
2300,3
3123,0
5326,1
5660,1
3699,3
4746,2
3564,3
6283,0
2304,5
4503,2
5168,1
4365,2
5054,1
2111,2
4983,1
224,12
3392,3
6386,0
6076,0
4084,2
5186,1
4074,2
4556,2
4944,0
2180,3
1008,6
5197,1
3188,3
4385,2
2396,4
6699,0
4714,2
76,10
2032,5
6491,0
1084,7
4625,2
5530,1
4408,2
5263,1
2055,5
2765,0
3417,3
566,5
3970,0
5133,1
3993,0
6312,0
571,9
324,13
3903,0
2337,4
1632,2
2520,2
3106,1
730,9
4307,2
4936,1
2310,4
6530,0
3764,3
1662,6
6679,0
4984,1
4737,2
2612,4
161,6
618,9
455,10
3017,4
4674,2
4656,2
3510,3
4379,2
3606,0
4854,2
5035,1
832,3
6472,0
2231,5
5737,1
1004,5
3277,3
1410,6
1849,5
5333,1
3715,3
1112,9
190,10
1273,2
2353,4
3406,3
1532,6
598,7
5573,1
2783,0
4113,2
4797,2
6211,0
5397,0
5559,1
4683,1
6680,0
3511,3
5060,1
1671,1
2894,0
5814,1
1259,7
4640,0
1762,6
2068,5
5621,1
4490,1
4501,2
5270,0
4506,2
5819,0
6220,0
427,7
1452,1
1014,5
2471,4
4554,2
5735,1
6444,0
1946,3
1398,1
4118,2
2083,5
2749,4
1110,7
4363,2
3360,3
1046,7
538,9
628,9
6028,0
728,6
4482,2
1556,6
2155,3
1310,7
236,13
4000,0
4480,2
275,12
5695,1
5023,1
3449,3
6213,0
5683,1
2291,8
506,5
4134,2
5152,1
1889,5
5239,1
5790,1
1870,5
2503,4
5077,1
215,7
1373,6
2963,4
459,8
2190,5
938,5
3650,3
6166,0
1261,7
6154,0
5691,1
2166,5
404,23
2591,4
4915,1
30,10
5097,1
3205,3
553,6
2388,4
3292,3
6485,0
3485,3
4902,0
4833,2
1082,7
3462,0
3259,3
6614,0
808,8
2487,4
2443,4
660,11
4655,2
3328,3
1972,2
5776,1
4893,0
884,5
4176,2
401,7
5540,1
6223,0
721,9
5120,1
290,12
150,9
3031,
1269,7
6649,0
3150,3
4170,2
4848,2
441,10
550,9
NO,
4967,1
529,9
6142,0
5635,1
2162,5
3336,3
5421,1
1377,6
5968,0
6715,0
5242,1
4992,1
3722,1
972,8
3270,3
3014,4
2406,4
906,3
3083,0
1201,5
4391,2
542,4
6617,0
6345,0
5591,1
424,10
447,10
4617,2
793,4
4245,2
709,10
6392,0
5678,1
4589,2
1546,6
5414,1
5862,0
2892,4
4420,2
6517,0
6656,0
3924,0
4566,2
502,7
3972,0
3917,3
1032,7
187,14
3832,3
944,8
2272,1
4709,2
6375,0
5494,1
3909,3
2813,4
3172,3
3472,3
5869,0
2061,2
3424,3
535,9
4397,2
4732,2
3355,3
1847,1
1962,1
220,10
1906,5
5244,1
SF,
295,8
1010,3
3986,2
3938,1
978,5
1973,2
5483,1
5177,0
6102,0
4487,2
1970,5
3488,3
4231,2
2928,1
3020,0
5287,0
4934,1
1204,7
1246,3
576,9
4648,2
153,11
2008,5
2365,4
DAL,
3901,0
6110,0
6673,0
4450,2
4033,2
4669,2
3810,1
5141,1
66,6
2819,4
5465,1
3585,0
662,10
6448,0
5380,1
2588,4
552,7
5234,0
2866,1
6268,0
2910,
2277,5
5886,0
2364,4
1787,7
6456,0
723,8
5999,0
6577,0
4608,1
5193,1
492,7
1904,5
2290,5
1805,5
1919,5
3107,0
921,5
2475,4
2077,1
3348,3
3409,0
2269,2
6413,0
3621,3
4724,2
5250,1
2292,8
3802,3
6172,0
1152,3
4889,0
1272,8
1864,5
4978,1
768,8
2331,4
573,9
1687,6
3314,3
6330,0
2923,0
2624,1
1730,8
2394,4
1101,7
877,6
4785,2
4775,2
4302,2
3495,3
5979,0
3640,1
5792,5
2599,4
2418,4
6233,0
710,6
4195,2
5093,1
6412,0
2731,4
5335,1
949,8
2502,0
3157,3
4098,2
1809,5
2999,4
3388,3
1594,6
5788,1
3045,4
1845,5
2439,4
6541,0
3779,0
6709,0
917,8
3294,3
1250,5
3898,0
4718,2
4610,2
5877,0
174,11
1891,5
6455,0
5957,0
5745,1
5823,0
1559,6
367,10
2606,1
2938,0
5078,1
3964,2
720,9
1210,7
3652,3
1610,6
6054,0
1670,6
2981,0
2532,4
5581,1
3323,3
4694,2
2793,0
3353,3
3191,3
328,8
4670,2
3237,3
6140,0
6310,0
3416,3
6377,0
1442,6
2721,4
301,12
4819,2
2587,4
2985,4
6302,0
5679,1
2635,0
3790,3
3793,3
1755,6
6402,0
770,9
2057,1
6376,0
3894,3
2863,4
6013,0
6296,0
5061,1
3249,3
4548,2
2836,4
104,7
1481,2
1609,6
2849,4
6553,0
20,12
5561,1
591,7
5772,1
833,6
5369,1
3854,3
1867,1
1060,2
2630,4
5522,1
704,12
5945,0
2557,0
3583,3
6489,0
6292,0
3200,3
5071,1
4715,2
5225,1
6304,0
1512,6
959,4
3312,3
5845,0
5777,3
1701,1
207,13
1362,6
5099,1
3228,3
5129,1
6090,0
6533,0
341,13
6133,0
862,8
5499,1
3078,4
855,8
6396,0
5537,1
4920,1
4986,1
395,10
2325,4
388,10
5153,1
3444,3
5543,0
4358,2
2683,4
5184,1
5551,1
456,0
283,9
1458,3
5747,1
4042,2
5497,1
350,10
3638,0
6598,0
2170,5
5782,1
1224,4
DEN,
3121,0
1365,6
2099,5
1100,7
3974,0
1739,3
1744,3
3239,3
6243,0
5824,0
2959,0
5318,1
3783,3
6574,0
397,8
724,4
2684,0
412,15
1638,6
4200,2
4906,1
6056,0
2571,1
5903,0
3468,0
6706,0
4303,2
394,10
955,5
1881,5
2376,4
6381,0
2450,4
4239,2
2975,4
1760,1
1425,6
3497,3
2665,1
3361,3
1068,7
5415,1
6109,0
4059,2
791,8
749,10
5973,0
6603,0
3369,3
2723,1
5935,0
1816,5
3883,3
2158,1
3229,3
1356,6
3215,3
1162,4
587,9
5670,1
4621,2
2281,5
3637,3
6522,0
5759,1
495,10
505,5
4618,2
3401,3
3332,3
1480,6
5096,1
2429,4
3847,2
4310,2
5231,1
1037,7
1934,5
1642,6
267,13
5365,1
2507,4
6158,0
4381,2
3767,3
4619,2
6647,0
3085,0
4496,2
6086,0
671,7
4938,1
4810,2
6387,0
766,9
5918,0
3154,6
6014,0
2940,2
1581,3
2202,5
413,4
4753,2
6389,0
1665,1
2016,5
5767,1
2093,5
1499,6
824,8
3558,3
1625,6
6299,0
22,9
3861,0
1717,2
2183,5
3359,3
206,7
6660,0
2995,1
5895,0
2360,4
2151,5
1208,7
1783,1
6173,0
693,0
4052,0
5353,1
4446,2
1409,2
5373,1
4725,2
3144,3
3028,0
1003,6
1476,6
5205,1
6385,0
3571,0
1909,5
3088,0
319,11
1349,6
5011,1
1596,6
4508,2
3842,3
6620,0
4517,2
3339,3
4598,2
4114,2
436,9
3291,3
431,8
927,8
674,7
2098,5
3098,0
4276,2
452,7
21,9
141,3
5563,1
4777,0
2167,5
2174,5
6501,0
3594,3
2575,4
4270,2
2882,2
62,12
4602,2
336,14
2965,1
1894,1
117,13
4366,2
5440,1
517,9
4253,2
4677,2
4624,2
4337,2
6162,0
6319,0
6365,0
1213,7
512,8
2992,4
5913,0
3965,0
1914,2
2236,3
5964,0
5712,1
146,13
5657,1
56,12
4320,2
6416,0
4220,2
1105,7
439,11
270,10
5613,1
4265,2
1085,7
631,10
4843,2
1136,7
5791,1
3204,3
6536,0
4331,2
2197,5
931,5
6185,0
797,4
5379,1
4100,2
4806,2
4427,2
5582,1
3866,0
3161,3
1265,7
2398,4
3893,3
2234,5
4588,2
811,8
1557,6
6340,0
48,17
140,7
3357,3
3050,3
5654,1
2755,4
3928,0
3299,3
1807,7
4060,0
5159,1
3896,0
1635,6
651,9
4613,2
2969,1
321,7
2540,1
1078,7
3079,0
4611,2
3996,0
1971,5
763,12
3690,0
3426,3
2669,4
476,8
2649,0
5147,1
1414,6
2951,1
1305,8
4664,2
3630,0
2906,
1868,5
6037,0
2169,5
232,14
5320,1
3065,0
2830,4
4236,2
6099,0
6464,0
4192,2
4979,1
1045,7
5084,1
5662,1
3181,3
4633,2
5055,1
4293,2
4005,0
3775,0
6422,0
6746,0
2058,1
1423,6
3147,1
4954,1
4015,2
3643,3
2346,4
347,10
3033,
1334,6
2659,0
1820,5
2225,2
3448,3
1033,4
108,9
2204,5
469,8
2123,5
6559,0
5646,1
6222,0
1099,7
4784,0
95,11
554,9
714,9
3955,0
2747,4
1416,6
1279,5
2419,4
5948,0
4186,2
3264,3
5330,1
6355,0
874,8
5039,1
2998,4
5875,0
1883,5
4352,2
3979,0
5209,1
2267,5
2687,1
3958,3
1326,7
596,9
3724,0
953,8
2622,0
5928,0
2568,1
757,10
4866,1
946,8
1549,6
5760,1
177,15
2628,0
468,8
2146,5
3073,0
3099,0
6597,0
3325,3
6169,0
4311,2
3728,3
5344,1
4863,1
4679,2
5222,1
6265,0
6227,0
1861,5
4227,2
6041,0
6393,0
1776,1
2280,1
5098,1
4993,1
850,8
6206,0
1274,2
5407,1
3166,3
1977,5
4623,2
124,11
5822,1
639,9
2144,4
6236,0
6611,0
4064,2
5612,1
4332,2
4695,2
4521,2
2017,5
654,11
2971,0
1734,2
1117,4
1621,6
4921,1
1419,6
1829,5
5403,1
1367,6
4183,2
4811,2
2925,
5939,0
1720,5
4853,2
6428,0
6424,0
5437,0
4579,0
2934,0
3574,0
952,4
1819,5
3038,4
2803,4
2401,4
532,9
1726,2
6024,0
5636,1
3839,3
5331,1
2891,0
5253,1
4305,2
1624,2
1383,6
312,11
1172,7
2523,4
683,10
2013,5
6731,0
819,8
134,8
4081,2
4492,2
5770,1
1034,7
3482,0
TB,
6012,0
101,8
1091,3
315,6
1030,4
5341,1
5950,0
4121,2
1448,6
5978,0
5623,1
383,10
1560,6
3760,3
1314,1
4741,2
2321,4
3608,3
1226,4
2586,2
6245,0
6613,0
6523,0
6372,0
6155,0
1474,6
5275,1
3864,3
1304,2
1463,6
2451,4
4809,2
2461,2
2710,0
1235,3
614,9
6032,0
1189,4
5461,1
4430,2
5954,0
3265,3
2474,4
4137,2
5974,0
2414,4
1449,6
2905,0
3824,3
2150,0
559,4
2741,4
38,13
4751,2
5217,1
1674,6
6309,0
3830,0
1710,2
5921,0
6044,0
3481,3
1576,6
1696,6
1987,5
3633,3
1766,0
5751,1
4228,2
2367,4
3977,0
2704,4
4317,2
4662,1
1658,6
835,8
4773,2
2213,1
4029,2
5179,1
2216,5
3402,0
5694,1
3352,3
1278,7
6043,0
201,10
5083,1
6226,0
5898,0
2658,0
2510,4
743,11
4094,2
1018,4
5892,0
1142,3
1921,5
2512,4
1209,7
127,17
1721,7
1482,6
3002,1
6251,0
1076,7
5442,1
6545,0
3394,3
1558,6
168,14
4876,1
5861,0
3840,3
731,9
5343,1
4564,2
1521,6
4953,0
473,13
6626,0
4933,1
414,10
5385,1
6018,0
5971,0
4065,2
2102,5
5784,1
3125,
548,9
6629,0
2851,4
3024,1
2844,2
4723,2
4224,2
6457,0
3731,3
930,5
3748,3
3811,0
6468,0
2572,4
1802,5
6458,0
1124,7
756,4
5462,1
3376,3
3346,3
4447,2
91,16
3888,3
5388,1
3770,0
4545,2
3333,3
2718,0
223,15
889,4
2786,1
812,8
1467,6
5987,0
1244,7
4719,2
5470,1
2873,0
6335,0
4678,2
226,9
1851,5
5207,1
457,11
2499,4
6531,0
5304,1
1562,6
1276,2
2467,4
578,9
2470,4
2768,0
2073,5
6115,0
984,3
1333,6
5667,1
5128,1
6642,0
1793,5
5134,1
1600,1
6224,0
4377,2
5991,0
3916,3
509,9
5592,1
6682,0
2837,1
2539,4
4389,2
2529,4
5926,0
1593,6
5029,1
1764,6
6693,0
3051,1
353,10
4096,2
6015,0
504,6
563,9
5508,1
3947,0
3391,3
6504,0
1186,7
3514,3
4705,2
5360,1
3142,
3717,3
1983,2
3013,4
2378,4
1444,5
4252,2
4313,2
4226,2
3496,3
3329,3
4212,2
3625,3
1295,2
4295,2
5758,1
4431,2
3544,3
5959,0
6057,0
3311,3
700,9
5053,1
5534,1
2293,1
2879,0
1659,6
4760,2
6071,0
4727,2
6600,0
6218,0
2115,5
6450,0
2384,4
6371,0
5428,1
1942,5
1925,5
167,19
1958,5
6143,0
589,9
1968,0
5199,1
1072,7
5523,1
2737,4
1170,7
51,13
5775,1
CHI,
2681,0
1857,5
3535,0
4309,2
6447,0
6380,0
530,9
5298,1
4816,3
KC,
1139,7
5509,1
5506,1
5474,1
5907,0
4561,2
969,8
1198,3
2431,4
5489,1
2896,1
3379,3
3015,2
3696,3
1006,9
6011,0
2056,3
6148,0
3681,3
4587,2
2504,4
2403,4
5279,1
2616,0
3134,0
4926,1
4948,1
6469,0
3870,0
6107,0
3414,0
6556,0
5317,1
1102,7
5680,1
903,8
6263,0
3175,3
534,4
5529,1
2307,4
2082,5
2831,4
5634,1
1980,5
2614,4
5291,0
3420,3
3899,3
3008,4
5013,1
4497,2
2814,0
5579,1
437,4
6273,0
5346,1
1397,1
3069,1
1402,6
5387,1
2356,4
4495,2
3989,0
1664,1
6571,0
1723,2
2666,0
2902,
922,8
6046,0
458,11
5451,1
3081,0
2794,1
3089,
4553,2
2070,5
1111,7
5399,1
680,8
4629,2
3759,0
3818,3
2604,4
2855,0
1221,3
1267,7
1280,8
205,15
6728,0
934,5
2258,5
5632,1
5851,0
6358,0
3503,3
6512,0
584,9
5594,1
995,8
1354,6
4945,0
4831,2
6341,0
5702,1
4078,2
1435,1
2680,4
4706,2
5272,1
2979,1
3857,0
4929,1
2779,4
4767,2
719,9
4740,2
4483,2
3931,3
5519,1
3713,0
1147,7
2149,5
5252,1
1156,3
1439,6
786,4
3967,0
1963,5
964,8
6403,0
1514,6
1640,6
4207,2
3548,3
1070,6
4736,2
1920,5
5422,1
3568,3
448,10
445,10
3524,0
3233,3
4971,1
644,6
679,11
1494,6
3321,3
4436,2
2972,2
2009,5
4210,2
5933,0
376,12
5811,0
4053,2
3603,3
2421,4
1260,4
1355,6
6370,0
4388,2
4488,2
3522,3
4372,2
4038,2
4292,2
5568,1
6272,0
47,7
6136,0
967,8
605,9
4367,1
1113,7
4173,2
5395,1
3675,3
6615,0
3487,3
6184,0
5577,1
4943,1
5549,1
2611,4
3319,3
5140,1
6437,0
5151,1
4068,2
4359,2
1012,0
5164,1
1301,8
5557,1
507,9
1661,6
2549,4
602,9
4109,2
5817,0
1697,6
1617,6
4040,2
2004,5
4917,1
5430,1
4792,2
688,8
2114,5
1,1
6232,0
798,8
1408,6
244,9
5983,0
6390,0
1815,5
5324,1
668,12
6326,0
BUF,
1429,6
5306,1
3371,3
735,11
1378,6
2689,5
4222,2
1129,7
2176,1
4076,2
305,14
6558,0
1157,5
5355,1
1905,5
627,9
3136,0
2015,5
611,6
2531,4
6070,0
4520,2
2524,4
3112,0
3341,3
6137,0
4928,1
5019,1
3959,0
123,10
4950,1
5322,1
5590,1
3189,3
326,11
2479,4
182,11
317,6
3231,3
1992,5
4744,1
1456,6
2922,0
2089,5
3623,3
298,12
6186,0
389,14
4651,2
6016,0
5278,1
4641,2
1328,7
2038,1
6672,0
638,5
1714,2
1537,4
1647,1
6359,0
6323,0
4484,2
2048,2
4997,1
4364,2
5555,1
60,7
3305,3
3285,3
4127,2
5828,5
3261,3
3537,3
965,8
498,11
5094,1
2110,5
1998,3
5356,0
869,8
2701,1
2329,4
1842,0
4269,2
6147,0
4478,2
1007,3
1083,7
4131,2
5296,1
3006,1
4428,2
4045,2
3236,3
396,10
3440,3
4558,2
1019,14
6005,0
3561,3
765,6
327,12
557,6
3796,3
2221,2
4326,2
6298,0
2650,4
4357,2
4841,2
4883,0
5460,1
3991,2
6636,0
4481,0
5575,0
4401,2
5615,1
6488,0
6092,0
4766,2
5406,1
2558,0
3691,3
1443,6
5269,1
5844,0
6509,0
3855,0
443,6
1852,5
2563,4
4334,2
2217,2
2496,4
465,10
2412,4
6608,0
813,8
4205,2
252,15
3738,0
230,8
2536,4
292,10
5028,1
4947,1
2811,4
4692,2
3745,3
5240,1
333,14
1242,7
1731,3
5106,1
875,8
3464,1
33,6
5552,0
2049,5
2261,5
4491,2
1231,4
5642,1
158,14
846,8
5583,1
5402,1
4106,2
2382,4
2273,5
164,9
5176,1
6081,0
1013,4
1824,1
6362,0
844,8
1527,6
6738,0
6293,0
5899,0
3774,3
5114,0
845,5
5943,0
4569,2
4103,2
276,8
5855,0
4804,2
5393,1
1535,6
840,8
6237,0
112,15
2956,4
3316,3
3313,3
6378,0
5669,1
377,7
4969,1
4264,2
4153,2
1146,7
5438,1
2031,5
5332,1
5145,1
2682,3
5558,1
5985,0
3042,1
2483,2
5941,0
6130,0
5584,1
5410,1
987,6
1876,5
2154,1
1725,5
6163,0
703,10
5131,1
961,8
4443,2
2796,4
4903,5
4370,2
1911,5
4771,7
1592,6
5786,1
MIN,
1202,7
1691,2
4818,2
366,10
6103,0
488,8
764,8
6202,0
998,8
5017,1
3303,3
2521,4
2229,5
3418,3
2095,5
5338,1
6121,0
6094,0
1599,4
4782,2
2976,1
569,9
4837,2
2868,0
4032,2
3920,1
DET,
1752,1
5043,1
4314,2
119,9
6190,0
5361,1
3397,3
1601,6
269,11
3940,0
4402,2
5010,1
1711,1
4028,2
53,14
619,9
2648,0
6049,0
2966,4
2205,5
1774,6
2685,4
3129,0
6445,0
3612,3
4410,2
4087,2
3179,3
1736,3
2373,4
1342,6
363,6
197,7
3834,3
4380,2
1570,6
369,6
402,6
3591,0
5556,1
4847,2
4248,2
5699,1
716,5
999,6
4885,0
5479,1
1319,1
5753,1
1262,7
6568,0
6474,0
5681,1
4756,0
2219,5
6364,0
6164,0
3541,0
551,7
1165,4
6002,0
1240,4
3754,0
5482,1
4789,2
2264,5
2569,0
2139,1
5282,0
5878,0
1089,4
5564,1
4977,1
682,10
460,10
2442,4
4590,2
3734,3
1996,5
5493,1
3177,3
4460,2
1533,6
5404,1
4273,2
733,7
3054,4
2760,1
5420,1
4442,2
2104,5
234,7
1619,6
5488,1
3128,0
810,8
1798,5
6325,0
4419,2
1884,5
2456,4
4421,2
3981,0
245,8
5339,1
6290,0
4463,2
726,11
3825,1
5686,1
5852,0
4180,2
1657,6
3029,
3208,3
6006,0
2506,0
5154,1
415,6
3515,3
4169,2
2739,0
857,8
5738,1
3554,0
1251,3
5220,1
1694,6
2993,4
4668,2
3922,0
5707,0
1297,1
3019,0
4108,2
4880,0
2063,5
6712,0
3151,1
1611,1
1924,5
541,6
4513,2
2602,4
2790,0
3163,3
1400,6
349,7
331,15
2481,4
3628,3
3674,0
6733,0
3505,3
2787,0
5588,1
3943,0
2514,2
6591,0
540,9
1822,5
4191,2
2615,2
3407,3
5812,0
285,12
3516,3
1453,6
4057,2
5136,1
3180,3
3457,3
3100,1
5550,1
4739,2
2182,5
3819,3
5783,1
6702,0
3310,3
5226,1
2302,2
2259,5
279,13
604,6
5739,1
5374,1
6599,0
3255,3
6471,0
70,12
2380,4
86,9
2276,5
1552,6
6256,0
1234,7
1650,1
2912,1
1195,7
3914,1
6619,0
759,9
3982,0
356,10
3679,0
241,6
3684,0
3252,3
5135,1
3086,0
